ID,Handle,Image Src,Image Position,Image Alt Text,Image Command
9421173194971,hellbent-dirty-shirley,https://hellbent-cocktails.netlify.app/assets/products/hellbent-dirty-shirley-4pack.png,1,Hellbent Dirty Shirley 4-pack carton with a single 200 mL can,REPLACE
9421173194971,hellbent-dirty-shirley,https://hellbent-cocktails.netlify.app/assets/products/hellbent-dirty-shirley-can.png,2,Hellbent Dirty Shirley single 200 mL can,REPLACE
9421173194971,hellbent-dirty-shirley,https://hellbent-cocktails.netlify.app/assets/products/hellbent-dirty-shirley-box.png,3,Hellbent Dirty Shirley 4-pack carton,REPLACE
9421173227739,hellbent-spicy-rita,https://hellbent-cocktails.netlify.app/assets/products/hellbent-spicy-rita-4pack.png,1,Hellbent Spicy Rita 4-pack carton with a single 200 mL can,REPLACE
9421173227739,hellbent-spicy-rita,https://hellbent-cocktails.netlify.app/assets/products/hellbent-spicy-rita-can.png,2,Hellbent Spicy Rita single 200 mL can,REPLACE
9421173227739,hellbent-spicy-rita,https://hellbent-cocktails.netlify.app/assets/products/hellbent-spicy-rita-box.png,3,Hellbent Spicy Rita 4-pack carton,REPLACE
9421173293275,hellbent-corpse-reviver,https://hellbent-cocktails.netlify.app/assets/products/hellbent-corpse-reviver-4pack.png,1,Hellbent Corpse Reviver 4-pack carton with a single 200 mL can,REPLACE
9421173293275,hellbent-corpse-reviver,https://hellbent-cocktails.netlify.app/assets/products/hellbent-corpse-reviver-can.png,2,Hellbent Corpse Reviver single 200 mL can,REPLACE
9421173293275,hellbent-corpse-reviver,https://hellbent-cocktails.netlify.app/assets/products/hellbent-corpse-reviver-box.png,3,Hellbent Corpse Reviver 4-pack carton,REPLACE
